Time,Accountid,Firstname,Lastname,Adddate,Email,Your Name?,Your Email?,Your Message?,Would you like to share your joining date?,Please enter your joining date.,Browser,IP Address,Unique ID,Location
9/2/2015 3:10,,,,,,Nisha,nisha.sharma@io-media.com,test message,Yes,,Chrome 44.0.2403.157 / Windows 7,14.140.207.98,212113719,"28.666700363159, 77.216697692871"
9/2/2015 3:15,,,,,,asas,asas@wdwq.sdsd,sas,Yes,10/15/2011 0:00,Chrome 44.0.2403.157 / Windows 7,14.140.207.98,212114024,"28.666700363159, 77.216697692871"
9/2/2015 3:41,acct_id,name_first,name_last,add_date,email,nisha,sgv@gew.dd,qwdrew dfre re  dv v fb dv df ecd efv,Yes,,Firefox 40.0 / Windows 7,14.140.207.98,212115660,"28.666700363159, 77.216697692871"
9/2/2015 3:51,12345,IOM2,Test,12/9/1986,rkumar@io-media.com,sadasdasdasd,dsads@dewr.ew,dds xvc vc v  vc fg rg,No,,Chrome 44.0.2403.157 / Windows 7,14.140.207.98,212116253,"28.666700363159, 77.216697692871"
9/2/2015 5:08,12345,IOM2,Test,12/9/1986,rkumar@io-media.com,,,,Yes,12/9/1986,Chrome 44.0.2403.157 / Windows 7,14.140.207.98,212166697,"28.666700363159, 77.216697692871"
9/2/2015 5:12,12345,IOM2,Test,12/9/1986,rkumar@io-media.com,eewr,dff@rtyy.tret,ewrewe,Yes,12/9/1986,Chrome 44.0.2403.157 / Windows 7,14.140.207.98,212166940,"28.666700363159, 77.216697692871"
9/2/2015 5:15,12345,IOM2,Test,12/9/1986,rkumar@io-media.com,Ravi,ravi@io-medial.com,just for testing,Yes,12/9/1986,Chrome 44.0.2403.157 / Windows 7,14.140.207.98,212167147,"28.666700363159, 77.216697692871"
9/2/2015 5:36,acct_id,name_first,name_last,add_date,email,Formstack from dev,formstack@form.com,Testing purpose,Yes,add_date,Chrome 44.0.2403.157 / Windows 7,14.140.207.98,212168553,"28.666700363159, 77.216697692871"
9/2/2015 6:10,12345,IOM2,Test,12/9/1986,rkumar@io-media.com,Formstack from Staging,formstack@formstaging.com,Formstack from StagingFormstack from StagingFormstack from StagingFormstack from StagingFormstack from StagingFormstack from StagingFormstack from StagingFormstack from StagingFormstack from StagingFormstack from StagingFormstack from Staging,Yes,12/9/1986,Chrome 44.0.2403.157 / Windows 7,14.140.207.98,212170780,"28.666700363159, 77.216697692871"
9/2/2015 10:11,acct_id,name_first,name_last,add_date,email,,,,,,Mobile Safari 8.0 / iOS 8,182.69.184.138,212194510,"28.60000038147, 77.199996948242"
